text/value/type,text/value/coordinates/0,text/value/coordinates/1,text/id,text/key
Point,13.8481,44.8683,1018471863192899584,Sun Jul 15 12:26:29 +0000 2018
Point,13.2833,43.2,1018471871384293376,Sun Jul 15 12:26:31 +0000 2018
Point,16.4558,43.5139,1018472005593595904,Sun Jul 15 12:27:03 +0000 2018
Point,16.43827,43.51187,1018472044189683712,Sun Jul 15 12:27:12 +0000 2018
Point,15.6467,46.5547,1018472154982158336,Sun Jul 15 12:27:38 +0000 2018
Point,18.84527778,42.28472222,1018472196497465345,Sun Jul 15 12:27:48 +0000 2018
Point,13.63333333,45.08333333,1018472239308697600,Sun Jul 15 12:27:58 +0000 2018
Point,15.9833,45.8167,1018472339250536448,Sun Jul 15 12:28:22 +0000 2018
Point,15.9833,45.8167,1018472654209073152,Sun Jul 15 12:29:37 +0000 2018
Point,15.9833,45.8167,1018472741945597952,Sun Jul 15 12:29:58 +0000 2018
Point,16.4558,43.5139,1018472778033491968,Sun Jul 15 12:30:07 +0000 2018
Point,16.4339,46.3844,1018472838460633089,Sun Jul 15 12:30:21 +0000 2018
Point,15.2675,46.23583333,1018473808926212097,Sun Jul 15 12:34:13 +0000 2018
Point,15.466667,45.25,1018474316168433665,Sun Jul 15 12:36:13 +0000 2018
Point,15.97388889,45.81638889,1018474716561072128,Sun Jul 15 12:37:49 +0000 2018
Point,15.466667,45.25,1018474978004623360,Sun Jul 15 12:38:51 +0000 2018
Point,16.44011736,43.50814519,1018475387674914818,Sun Jul 15 12:40:29 +0000 2018
Point,19.50194,41.53556,1018475407979376640,Sun Jul 15 12:40:34 +0000 2018
Point,14.29330713,42.41559316,1018475555061141505,Sun Jul 15 12:41:09 +0000 2018
Point,19.14314032,42.03338872,1018475596853071872,Sun Jul 15 12:41:19 +0000 2018
Point,15.9833,45.8167,1018475818740305920,Sun Jul 15 12:42:12 +0000 2018
Point,13.81700277,45.67704142,1018475904467701760,Sun Jul 15 12:42:32 +0000 2018
Point,14.0667,42.6,1018476109908860928,Sun Jul 15 12:43:21 +0000 2018
Point,13.88333056,42.94378056,1018476124202938368,Sun Jul 15 12:43:25 +0000 2018
Point,19.8189,41.3275,1018476884030623745,Sun Jul 15 12:46:26 +0000 2018
Point,19.29250633,41.89337246,1018476955233026048,Sun Jul 15 12:46:43 +0000 2018
Point,13.79,45.64,1018477505898897408,Sun Jul 15 12:48:54 +0000 2018
Point,14.2874233,45.3130726,1018477582667403264,Sun Jul 15 12:49:12 +0000 2018
Point,19.54086339,41.98461843,1018477756374536193,Sun Jul 15 12:49:54 +0000 2018
Point,13.5581,45.315,1018477867443908608,Sun Jul 15 12:50:20 +0000 2018
Point,18.85764428,42.28253172,1018478330239168513,Sun Jul 15 12:52:10 +0000 2018
Point,15.9058,43.7272,1018478436917104640,Sun Jul 15 12:52:36 +0000 2018
Point,14.69203969,44.37460739,1018479044570935296,Sun Jul 15 12:55:01 +0000 2018
Point,15.9833,45.8167,1018479520288989184,Sun Jul 15 12:56:54 +0000 2018
Point,14.2167,46.2667,1018479876993703936,Sun Jul 15 12:58:19 +0000 2018
Point,14.2167,46.2667,1018479954370158592,Sun Jul 15 12:58:38 +0000 2018
Point,13.45330278,43.30025,1018480203583119360,Sun Jul 15 12:59:37 +0000 2018
Point,16.43974547,43.16962065,1018480654256885762,Sun Jul 15 13:01:25 +0000 2018
Point,14.36779449,42.38059955,1018480765082963970,Sun Jul 15 13:01:51 +0000 2018
Point,13.7167,43.15,1018480785597353987,Sun Jul 15 13:01:56 +0000 2018
Point,18.0914,42.6506,1018481083745124352,Sun Jul 15 13:03:07 +0000 2018
Point,18.10955179,42.64119698,1018481089436844032,Sun Jul 15 13:03:08 +0000 2018
Point,16.1053991,45.8215621,1018481333436182529,Sun Jul 15 13:04:07 +0000 2018
Point,15.21666667,44.11666667,1018481338414858241,Sun Jul 15 13:04:08 +0000 2018
Point,16.4558,43.5139,1018481717223608320,Sun Jul 15 13:05:38 +0000 2018
Point,15.9837972,45.8201449,1018481756792487937,Sun Jul 15 13:05:47 +0000 2018
Point,15.23202,44.11596,1018481879887089665,Sun Jul 15 13:06:17 +0000 2018
Point,15.466667,45.25,1018482111412568064,Sun Jul 15 13:07:12 +0000 2018
Point,18.38,43.85,1018482390350458880,Sun Jul 15 13:08:19 +0000 2018
Point,15.977018,45.813023,1018482422734868481,Sun Jul 15 13:08:26 +0000 2018
Point,13.61798182,43.50935664,1018482717443358723,Sun Jul 15 13:09:36 +0000 2018
Point,15.9833,45.8167,1018482750385524736,Sun Jul 15 13:09:44 +0000 2018
Point,15.92248,43.81727,1018483048726212608,Sun Jul 15 13:10:55 +0000 2018
Point,13.7710629,43.1759682,1018483053541445632,Sun Jul 15 13:10:57 +0000 2018
Point,18.56086438,42.45603904,1018483266888794112,Sun Jul 15 13:11:47 +0000 2018
Point,18.10955179,42.64119698,1018483301500243970,Sun Jul 15 13:11:56 +0000 2018
Point,19.503256,42.069298,1018483336967225344,Sun Jul 15 13:12:04 +0000 2018
Point,15.29834587,44.05462801,1018484095159095296,Sun Jul 15 13:15:05 +0000 2018
Point,15.97631089,45.81730578,1018484272028704768,Sun Jul 15 13:15:47 +0000 2018
Point,13.5883,45.5161,1018484527105282051,Sun Jul 15 13:16:48 +0000 2018
Point,13.85,44.873,1018484578397417472,Sun Jul 15 13:17:00 +0000 2018
Point,15.65842,46.14924,1018484807142203394,Sun Jul 15 13:17:55 +0000 2018
Point,16.68108702,43.44017558,1018485640021794816,Sun Jul 15 13:21:13 +0000 2018
Point,13.70309312,43.34955875,1018485886160375810,Sun Jul 15 13:22:12 +0000 2018
Point,18.10955179,42.64119698,1018486149969563649,Sun Jul 15 13:23:15 +0000 2018
Point,19.5131,42.0675,1018486346816483328,Sun Jul 15 13:24:02 +0000 2018
Point,17.1369,42.9622,1018486908903739393,Sun Jul 15 13:26:16 +0000 2018
Point,15.981701,45.806792,1018486967732928512,Sun Jul 15 13:26:30 +0000 2018
Point,13.3103,46.3739,1018487026570625025,Sun Jul 15 13:26:44 +0000 2018
Point,15.9833,45.8167,1018487074112983040,Sun Jul 15 13:26:55 +0000 2018
Point,13.3103,46.3739,1018487368460984327,Sun Jul 15 13:28:05 +0000 2018
Point,13.3103,46.3739,1018487562661441536,Sun Jul 15 13:28:52 +0000 2018
Point,15.9833,45.8167,1018487702755467264,Sun Jul 15 13:29:25 +0000 2018
Point,16.4558,43.5139,1018487805842993152,Sun Jul 15 13:29:50 +0000 2018
Point,18.4130763,43.8562586,1018487854945599488,Sun Jul 15 13:30:01 +0000 2018
Point,106.83551861,47.91136698,1018488038912024576,Sun Jul 15 13:30:45 +0000 2018
Point,13.3103,46.3739,1018488206285770752,Sun Jul 15 13:31:25 +0000 2018
Point,19.8189,41.3275,1018488712211165184,Sun Jul 15 13:33:26 +0000 2018
Point,13.8481,44.8683,1018489035466137601,Sun Jul 15 13:34:43 +0000 2018
Point,15.19202383,45.57463979,1018489415637839872,Sun Jul 15 13:36:13 +0000 2018
Point,13.81700277,45.67704142,1018489700854534144,Sun Jul 15 13:37:21 +0000 2018
Point,13.57342049,43.46974115,1018489711302672384,Sun Jul 15 13:37:24 +0000 2018
Point,15.977018,45.813023,1018489926546067456,Sun Jul 15 13:38:15 +0000 2018
Point,13.35913,43.4613,1018490049946501120,Sun Jul 15 13:38:45 +0000 2018
Point,15.2589002,44.1205773,1018490077696155648,Sun Jul 15 13:38:51 +0000 2018
Point,13.3876401,46.06945347,1018490119798644737,Sun Jul 15 13:39:01 +0000 2018
Point,16.44149119,43.17196921,1018490144280596482,Sun Jul 15 13:39:07 +0000 2018
Point,13.85018333,44.87290333,1018490578974265344,Sun Jul 15 13:40:51 +0000 2018
Point,14.2142,42.4639,1018490787699535872,Sun Jul 15 13:41:41 +0000 2018
Point,18.68209,42.39516,1018490861124898816,Sun Jul 15 13:41:58 +0000 2018
Point,13.75,43.25,1018491284649054208,Sun Jul 15 13:43:39 +0000 2018
Point,13.81700277,45.67704142,1018491403146551297,Sun Jul 15 13:44:07 +0000 2018
Point,14.0167,42.6833,1018491708257046528,Sun Jul 15 13:45:20 +0000 2018
Point,13.3869,45.6786,1018491742218268673,Sun Jul 15 13:45:28 +0000 2018
Point,15.4619,45.6067,1018491834643992577,Sun Jul 15 13:45:50 +0000 2018
Point,18,44,1018491853837094912,Sun Jul 15 13:45:55 +0000 2018
Point,15.96465976,45.81323558,1018491949467209729,Sun Jul 15 13:46:18 +0000 2018
Point,13.57342049,43.46974115,1018492535411478529,Sun Jul 15 13:48:37 +0000 2018
Point,19.8189,41.3275,1018492786402832384,Sun Jul 15 13:49:37 +0000 2018
Point,13.77713442,45.65700783,1018492982566248448,Sun Jul 15 13:50:24 +0000 2018
Point,16.44011736,43.50814519,1018493294505086977,Sun Jul 15 13:51:38 +0000 2018
Point,18.07981326,42.66012632,1018493348779384837,Sun Jul 15 13:51:51 +0000 2018
Point,15.9833,45.8167,1018493491712876544,Sun Jul 15 13:52:25 +0000 2018
Point,15.9833,45.8167,1018493856835362816,Sun Jul 15 13:53:52 +0000 2018
Point,15,46,1018493997193613312,Sun Jul 15 13:54:26 +0000 2018
Point,13.81700277,45.67704142,1018494151338455040,Sun Jul 15 13:55:03 +0000 2018
Point,15.4447,46.2117,1018494347602419712,Sun Jul 15 13:55:49 +0000 2018
Point,13.56194444,42.46861111,1018494365373816834,Sun Jul 15 13:55:54 +0000 2018
Point,16.4558,43.5139,1018494655359381504,Sun Jul 15 13:57:03 +0000 2018
Point,18.0914,42.6506,1018494685088763904,Sun Jul 15 13:57:10 +0000 2018
Point,15.24849102,45.45677187,1018494705775136768,Sun Jul 15 13:57:15 +0000 2018
Point,14.36425205,42.5322881,1018494761626415105,Sun Jul 15 13:57:28 +0000 2018
Point,13.57342049,43.46974115,1018495026375151616,Sun Jul 15 13:58:31 +0000 2018
Point,15.9833,45.8167,1018495297092292608,Sun Jul 15 13:59:36 +0000 2018
Point,18.89305468,42.26825779,1018495402780180481,Sun Jul 15 14:00:01 +0000 2018
Point,13.7401473,43.2983635,1018495887629279235,Sun Jul 15 14:01:57 +0000 2018
Point,16.5379879,43.49233918,1018495923071176706,Sun Jul 15 14:02:05 +0000 2018
Point,15.9833,45.8167,1018496106135683073,Sun Jul 15 14:02:49 +0000 2018
Point,14.24543988,45.56350685,1018496120329158657,Sun Jul 15 14:02:52 +0000 2018
Point,18.6798291,45.5619444,1018496477633568773,Sun Jul 15 14:04:17 +0000 2018
Point,13.57342049,43.46974115,1018497609571368962,Sun Jul 15 14:08:47 +0000 2018
Point,15.977018,45.813023,1018497981501206528,Sun Jul 15 14:10:16 +0000 2018
Point,16.59806728,43.18411988,1018497998656065537,Sun Jul 15 14:10:20 +0000 2018
Point,13.5706,45.5278,1018498099822714880,Sun Jul 15 14:10:44 +0000 2018
Point,16.44149119,43.17196921,1018498117556146176,Sun Jul 15 14:10:48 +0000 2018
Point,15.466667,45.25,1018498230793973760,Sun Jul 15 14:11:15 +0000 2018
Point,16.1053991,45.8215621,1018498231737520128,Sun Jul 15 14:11:15 +0000 2018
Point,18.6019,42.3967,1018498312461266945,Sun Jul 15 14:11:35 +0000 2018
Point,15.9833,45.8167,1018498332044472320,Sun Jul 15 14:11:39 +0000 2018
Point,20.03333333,39.78333333,1018498349614403584,Sun Jul 15 14:11:43 +0000 2018
Point,19.8189,41.3275,1018498554971770880,Sun Jul 15 14:12:32 +0000 2018
Point,13.63333333,45.08333333,1018498625146703873,Sun Jul 15 14:12:49 +0000 2018
Point,13.83922,44.8492,1018499012733751302,Sun Jul 15 14:14:22 +0000 2018
Point,13.84948294,44.87274042,1018499407011024896,Sun Jul 15 14:15:56 +0000 2018
Point,19.8189,41.3275,1018499438782840834,Sun Jul 15 14:16:03 +0000 2018
Point,15.466667,45.25,1018499519665917952,Sun Jul 15 14:16:22 +0000 2018
Point,14.87231333,44.21283333,1018499681322786817,Sun Jul 15 14:17:01 +0000 2018
Point,19.60995197,41.41029081,1018499800935927808,Sun Jul 15 14:17:30 +0000 2018
Point,15.65,43.8,1018499946935287808,Sun Jul 15 14:18:04 +0000 2018
Point,15.977018,45.813023,1018499963721052160,Sun Jul 15 14:18:08 +0000 2018
Point,18.10955179,42.64119698,1018500150585634816,Sun Jul 15 14:18:53 +0000 2018
Point,17.38978043,45.24588013,1018500230571003904,Sun Jul 15 14:19:12 +0000 2018
Point,15.22619,44.11561,1018500579847524354,Sun Jul 15 14:20:35 +0000 2018
Point,15.977018,45.813023,1018500609669033984,Sun Jul 15 14:20:42 +0000 2018
Point,15.6433,43.8042,1018500627708743680,Sun Jul 15 14:20:47 +0000 2018
Point,15.7747926,43.7570915,1018500727185043456,Sun Jul 15 14:21:10 +0000 2018
Point,17.0178,43.2969,1018500887579320321,Sun Jul 15 14:21:49 +0000 2018
Point,19.60995197,41.41029081,1018500894621618177,Sun Jul 15 14:21:50 +0000 2018
Point,19.7157287,43.2331048,1018500899591860224,Sun Jul 15 14:21:51 +0000 2018
Point,20.02121,39.74613,1018500996673277952,Sun Jul 15 14:22:15 +0000 2018
Point,16.44149119,43.17196921,1018501102214500352,Sun Jul 15 14:22:40 +0000 2018
Point,18.6939,45.5511,1018501367047098368,Sun Jul 15 14:23:43 +0000 2018
Point,16.4558,43.5139,1018501422164398080,Sun Jul 15 14:23:56 +0000 2018
Point,15.4619,45.6067,1018501452216590336,Sun Jul 15 14:24:03 +0000 2018
Point,14.85135172,44.14237396,1018502028048379911,Sun Jul 15 14:26:20 +0000 2018
Point,16.7575,43.1425,1018502116686655488,Sun Jul 15 14:26:42 +0000 2018
Point,13.57342049,43.46974115,1018502261478248450,Sun Jul 15 14:27:16 +0000 2018
Point,14.54680184,45.90819159,1018502449294913536,Sun Jul 15 14:28:01 +0000 2018
Point,17.38977891,45.24588013,1018502816481112065,Sun Jul 15 14:29:28 +0000 2018
Point,13.86253595,42.85923066,1018502856771448832,Sun Jul 15 14:29:38 +0000 2018
Point,15.983,45.817,1018502964716154880,Sun Jul 15 14:30:04 +0000 2018
Point,16.6886,43.4447,1018503202981994496,Sun Jul 15 14:31:01 +0000 2018
Point,16.3033,44.2953,1018503596877508615,Sun Jul 15 14:32:35 +0000 2018
Point,17.1760534,42.9754431,1018503659754311682,Sun Jul 15 14:32:50 +0000 2018
Point,15.9833,45.8167,1018503873584156672,Sun Jul 15 14:33:41 +0000 2018
Point,16.44073514,43.50823334,1018503897579544576,Sun Jul 15 14:33:46 +0000 2018
Point,18.71036404,44.46405063,1018504039049383936,Sun Jul 15 14:34:20 +0000 2018
Point,14.22841072,42.46722191,1018504084012306432,Sun Jul 15 14:34:31 +0000 2018
Point,14.4414,45.3275,1018504096381366273,Sun Jul 15 14:34:34 +0000 2018
Point,17.0178,43.2969,1018504108855185408,Sun Jul 15 14:34:37 +0000 2018
Point,16.4558,43.5139,1018504111480868864,Sun Jul 15 14:34:37 +0000 2018
Point,13.8495,44.8727,1018504284827209729,Sun Jul 15 14:35:19 +0000 2018
Point,13.51315323,43.36818376,1018504286186008576,Sun Jul 15 14:35:19 +0000 2018
Point,18.42978328,43.85903793,1018505026702999554,Sun Jul 15 14:38:15 +0000 2018
Point,16.6763899,43.1790475,1018505027638480896,Sun Jul 15 14:38:16 +0000 2018
Point,13.5833,43.5833,1018505063919177728,Sun Jul 15 14:38:24 +0000 2018
Point,19.80074286,41.32812797,1018505190310326272,Sun Jul 15 14:38:54 +0000 2018
Point,15.9833,45.8167,1018505219368538112,Sun Jul 15 14:39:01 +0000 2018
Point,20.93008974,45.94047436,1018505239710912512,Sun Jul 15 14:39:06 +0000 2018
Point,20.93008974,45.94047436,1018505246472011777,Sun Jul 15 14:39:08 +0000 2018
Point,14.68966411,44.95296689,1018505379540594690,Sun Jul 15 14:39:40 +0000 2018
Point,13.5239,45.4314,1018505552530411520,Sun Jul 15 14:40:21 +0000 2018
Point,13.7710629,43.1759682,1018505573275439105,Sun Jul 15 14:40:26 +0000 2018
Point,15.466667,45.25,1018505602870505473,Sun Jul 15 14:40:33 +0000 2018
Point,13.84956954,44.87303676,1018505670600069120,Sun Jul 15 14:40:49 +0000 2018
Point,17.61484091,42.92660155,1018505892642410496,Sun Jul 15 14:41:42 +0000 2018
Point,13.7723,45.6499,1018505919720837120,Sun Jul 15 14:41:48 +0000 2018
Point,20.45491,44.81797,1018505922103119872,Sun Jul 15 14:41:49 +0000 2018
Point,16.43916759,43.50746774,1018505967451955206,Sun Jul 15 14:42:00 +0000 2018
Point,16.44127243,43.17265193,1018505975186231296,Sun Jul 15 14:42:02 +0000 2018
Point,13.61027778,46.05277778,1018506039069761536,Sun Jul 15 14:42:17 +0000 2018
Point,19.5,43.78333333,1018506094770049024,Sun Jul 15 14:42:30 +0000 2018
Point,16.2,44.0439,1018506095260786688,Sun Jul 15 14:42:30 +0000 2018
Point,15.466667,45.25,1018506137656877056,Sun Jul 15 14:42:40 +0000 2018
Point,18.0914,42.6506,1018506385125007360,Sun Jul 15 14:43:39 +0000 2018
Point,13.7286,43.30675,1018506385741344768,Sun Jul 15 14:43:39 +0000 2018
Point,19.0503,47.4719,1018506436161122304,Sun Jul 15 14:43:51 +0000 2018
Point,17.01492548,43.2993379,1018506460848906240,Sun Jul 15 14:43:57 +0000 2018
Point,15.97654045,45.81268261,1018506510895321088,Sun Jul 15 14:44:09 +0000 2018
Point,19.4683,42.7158,1018506516335333376,Sun Jul 15 14:44:11 +0000 2018
Point,19.13857632,47.50278755,1018506519841652737,Sun Jul 15 14:44:11 +0000 2018
Point,18.108,42.64,1018506631615799297,Sun Jul 15 14:44:38 +0000 2018
Point,15.77888889,43.75055556,1018506667229622272,Sun Jul 15 14:44:47 +0000 2018
Point,15.466667,45.25,1018506812105031680,Sun Jul 15 14:45:21 +0000 2018
Point,18.0914,42.6506,1018506920435638273,Sun Jul 15 14:45:47 +0000 2018
Point,17.01492548,43.2993379,1018506959660597248,Sun Jul 15 14:45:56 +0000 2018
Point,13.51315323,43.36818376,1018507019278405632,Sun Jul 15 14:46:10 +0000 2018
Point,19.1409817,47.50306274,1018507200430526464,Sun Jul 15 14:46:54 +0000 2018
Point,20.4622,44.8206,1018507306152099840,Sun Jul 15 14:47:19 +0000 2018
Point,14.57585335,45.02631349,1018507370224332800,Sun Jul 15 14:47:34 +0000 2018
Point,17.0178,43.2969,1018507562688262145,Sun Jul 15 14:48:20 +0000 2018
Point,19.04083333,47.49833333,1018507627020587008,Sun Jul 15 14:48:35 +0000 2018
Point,20.59,41.61,1018507687821103104,Sun Jul 15 14:48:50 +0000 2018
Point,16.06891735,45.71488595,1018507850098839552,Sun Jul 15 14:49:29 +0000 2018
Point,15.0854331,44.2976736,1018507913126727682,Sun Jul 15 14:49:44 +0000 2018
Point,16.59472241,43.18366008,1018507933112401920,Sun Jul 15 14:49:48 +0000 2018
Point,13.51315323,43.36818376,1018507969376538624,Sun Jul 15 14:49:57 +0000 2018
Point,21.200838,41.012569,1018508074481586176,Sun Jul 15 14:50:22 +0000 2018
Point,20.266,42.661,1018508540837859328,Sun Jul 15 14:52:13 +0000 2018
Point,19.06035217,47.49602408,1018508911916322817,Sun Jul 15 14:53:42 +0000 2018
Point,17.05705377,43.26507278,1018508926038478848,Sun Jul 15 14:53:45 +0000 2018
Point,17.88333333,46.95,1018509093030518784,Sun Jul 15 14:54:25 +0000 2018
Point,17.0178,43.2969,1018509162601476096,Sun Jul 15 14:54:42 +0000 2018
Point,14.52722222,45.12833333,1018509631658905602,Sun Jul 15 14:56:33 +0000 2018
Point,15.21666667,44.11666667,1018509670326067202,Sun Jul 15 14:56:43 +0000 2018
Point,19.07327662,47.4859654,1018509711082229760,Sun Jul 15 14:56:52 +0000 2018
Point,19.6984043,43.72589155,1018509730648641536,Sun Jul 15 14:56:57 +0000 2018
Point,13.2422,46.0619,1018509767558553601,Sun Jul 15 14:57:06 +0000 2018
Point,14.96792749,44.46315905,1018509931195064321,Sun Jul 15 14:57:45 +0000 2018
Point,18.83526564,42.27870589,1018509942003781633,Sun Jul 15 14:57:47 +0000 2018
Point,19.0503,47.4719,1018510066281074688,Sun Jul 15 14:58:17 +0000 2018
Point,19.03757,47.5287,1018510143871442944,Sun Jul 15 14:58:35 +0000 2018
Point,14.12224743,45.09123409,1018510281876504576,Sun Jul 15 14:59:08 +0000 2018
Point,13.20590973,42.82906479,1018510343457435649,Sun Jul 15 14:59:23 +0000 2018
Point,20.16020061,44.98487926,1018510399329701888,Sun Jul 15 14:59:36 +0000 2018
Point,21.16358455,43.9588439,1018510575381434373,Sun Jul 15 15:00:18 +0000 2018
Point,19.0503,47.4719,1018510735251558400,Sun Jul 15 15:00:56 +0000 2018
Point,15.13470041,44.82162331,1018510748677439488,Sun Jul 15 15:01:00 +0000 2018
Point,20.4758,44.7783,1018511009185714176,Sun Jul 15 15:02:02 +0000 2018
Point,13.7723,45.6499,1018511131390988288,Sun Jul 15 15:02:31 +0000 2018
Point,13.77468824,45.65270702,1018511161489281027,Sun Jul 15 15:02:38 +0000 2018
Point,15.9833,45.8167,1018511183517835264,Sun Jul 15 15:02:43 +0000 2018
Point,15.97388889,45.81638889,1018511207702106113,Sun Jul 15 15:02:49 +0000 2018
Point,19.84411702,45.25466596,1018511297397383168,Sun Jul 15 15:03:10 +0000 2018
Point,20.29179151,44.81987179,1018511364984311808,Sun Jul 15 15:03:27 +0000 2018
Point,18.108,42.64,1018511481942544384,Sun Jul 15 15:03:54 +0000 2018
Point,14.07666667,42.36583333,1018511544718647296,Sun Jul 15 15:04:09 +0000 2018
Point,15.977018,45.813023,1018511548866801665,Sun Jul 15 15:04:10 +0000 2018
Point,16.25,43.51666667,1018511621637881857,Sun Jul 15 15:04:28 +0000 2018
Point,13.435,46.0905,1018511623286284288,Sun Jul 15 15:04:28 +0000 2018
Point,13.2152224,43.7197926,1018511679804436480,Sun Jul 15 15:04:42 +0000 2018
Point,13.69922,42.32686,1018511681645883393,Sun Jul 15 15:04:42 +0000 2018
Point,18.93166944,46.89376944,1018511861896052736,Sun Jul 15 15:05:25 +0000 2018
Point,13.9171,44.785129,1018511901465034752,Sun Jul 15 15:05:35 +0000 2018
Point,15.96757,45.80724,1018512102582030337,Sun Jul 15 15:06:22 +0000 2018
Point,13.51315323,43.36818376,1018512156629848065,Sun Jul 15 15:06:35 +0000 2018
Point,13.587458,45.500336,1018512219498270720,Sun Jul 15 15:06:50 +0000 2018
Point,21.33627637,41.02364335,1018512277908140033,Sun Jul 15 15:07:04 +0000 2018
Point,15.97785356,45.81301942,1018512296321183744,Sun Jul 15 15:07:09 +0000 2018
Point,16.43763,43.5096,1018512515154808832,Sun Jul 15 15:08:01 +0000 2018
Point,13.63333333,45.08333333,1018512529771974656,Sun Jul 15 15:08:04 +0000 2018
Point,13.59263,45.22783,1018512579721879552,Sun Jul 15 15:08:16 +0000 2018
Point,19.0503,47.4719,1018512602190753802,Sun Jul 15 15:08:22 +0000 2018
Point,16.43204377,43.51965356,1018512619433439232,Sun Jul 15 15:08:26 +0000 2018
Point,16.4558,43.5139,1018512682327183362,Sun Jul 15 15:08:41 +0000 2018
Point,16.60236955,47.0037875,1018513423229947905,Sun Jul 15 15:11:37 +0000 2018
Point,21.07584708,42.686758,1018513457283567616,Sun Jul 15 15:11:45 +0000 2018
Point,17.9773236,46.98461348,1018513481665048577,Sun Jul 15 15:11:51 +0000 2018
Point,16.32516667,43.50369667,1018513582458318851,Sun Jul 15 15:12:15 +0000 2018
Point,21.4279956,41.9973462,1018513622304108545,Sun Jul 15 15:12:25 +0000 2018
Point,15.9833,45.8167,1018513643216961536,Sun Jul 15 15:12:30 +0000 2018
Point,19.05887292,47.5251907,1018513659105030144,Sun Jul 15 15:12:34 +0000 2018
Point,19.05418982,47.52527197,1018513725496659968,Sun Jul 15 15:12:49 +0000 2018
Point,19.05703604,47.53333054,1018513767368417280,Sun Jul 15 15:12:59 +0000 2018
Point,13.2152224,43.7197926,1018513802822914050,Sun Jul 15 15:13:08 +0000 2018
Point,13.51315323,43.36818376,1018513901334515713,Sun Jul 15 15:13:31 +0000 2018
Point,16.4919,43.1625,1018513937820766214,Sun Jul 15 15:13:40 +0000 2018
Point,18.10955179,42.64119698,1018514328641654784,Sun Jul 15 15:15:13 +0000 2018
Point,15.47027778,46.02194444,1018514373869006850,Sun Jul 15 15:15:24 +0000 2018
Point,20.49249,44.7841276,1018514383692075010,Sun Jul 15 15:15:26 +0000 2018
Point,18.0914,42.6506,1018514420148957184,Sun Jul 15 15:15:35 +0000 2018
Point,21.4357629,41.9950904,1018514438138232832,Sun Jul 15 15:15:39 +0000 2018
Point,19.862165,45.25216,1018514449597005824,Sun Jul 15 15:15:42 +0000 2018
Point,13.3869,45.6786,1018514483675742209,Sun Jul 15 15:15:50 +0000 2018
Point,18.0914,42.6506,1018514687045062658,Sun Jul 15 15:16:39 +0000 2018
Point,20.2825126,44.8154033,1018514930318729216,Sun Jul 15 15:17:37 +0000 2018
Point,16.32565271,43.50303798,1018514958068473856,Sun Jul 15 15:17:43 +0000 2018
Point,13.09388889,42.79333333,1018514964049465345,Sun Jul 15 15:17:45 +0000 2018
Point,13.50474338,47.30025556,1018515011130527745,Sun Jul 15 15:17:56 +0000 2018
Point,16.1053991,45.8215621,1018515134203826181,Sun Jul 15 15:18:25 +0000 2018
Point,19.05626577,47.51991554,1018515372222369792,Sun Jul 15 15:19:22 +0000 2018
Point,13.1033646,46.2259177,1018515593358651394,Sun Jul 15 15:20:15 +0000 2018
Point,15.466667,45.25,1018515802071412736,Sun Jul 15 15:21:04 +0000 2018
Point,13.51315323,43.36818376,1018515937627013121,Sun Jul 15 15:21:37 +0000 2018
Point,19.25997789,47.43202325,1018515963170484227,Sun Jul 15 15:21:43 +0000 2018
Point,13.61963,43.54085,1018516007952965632,Sun Jul 15 15:21:54 +0000 2018
Point,17.01492548,43.2993379,1018516147430305792,Sun Jul 15 15:22:27 +0000 2018
Point,15.97,45.81,1018516307979874304,Sun Jul 15 15:23:05 +0000 2018
Point,19.10080284,47.28623097,1018516337939886081,Sun Jul 15 15:23:12 +0000 2018
Point,13.51315323,43.36818376,1018516368067620864,Sun Jul 15 15:23:19 +0000 2018
Point,14.4686,44.5306,1018516369283866625,Sun Jul 15 15:23:20 +0000 2018
Point,17.6156,42.9233,1018516744040796161,Sun Jul 15 15:24:49 +0000 2018
Point,13.79,45.64,1018516975373316096,Sun Jul 15 15:25:44 +0000 2018
Point,13.33333333,46.01666667,1018516991487959040,Sun Jul 15 15:25:48 +0000 2018
Point,15.998363,45.7726053,1018517043375730691,Sun Jul 15 15:26:00 +0000 2018
Point,16.25011327,43.51565913,1018517171570462721,Sun Jul 15 15:26:31 +0000 2018
Point,17.05858725,43.26351782,1018517300092260352,Sun Jul 15 15:27:02 +0000 2018
Point,20.5833,46.1667,1018517429834612737,Sun Jul 15 15:27:33 +0000 2018
Point,19.0503,47.4719,1018517462902505472,Sun Jul 15 15:27:40 +0000 2018
Point,14.8182304,47.39380682,1018517503142780928,Sun Jul 15 15:27:50 +0000 2018
Point,14.8221164,47.39755514,1018517534524477441,Sun Jul 15 15:27:58 +0000 2018
Point,13.2152224,43.7197926,1018517566254301185,Sun Jul 15 15:28:05 +0000 2018
Point,14.254445,45.23717833,1018517618578337794,Sun Jul 15 15:28:18 +0000 2018
Point,15.9833,45.8167,1018517746311680001,Sun Jul 15 15:28:48 +0000 2018
Point,13.51315323,43.36818376,1018517800590151682,Sun Jul 15 15:29:01 +0000 2018
Point,15.9983546,45.7726233,1018517821234565120,Sun Jul 15 15:29:06 +0000 2018
Point,13.58519836,45.25756714,1018517928038354944,Sun Jul 15 15:29:31 +0000 2018
Point,19.0503,47.4719,1018518004496097281,Sun Jul 15 15:29:50 +0000 2018
Point,19.040235,47.497912,1018518087635570689,Sun Jul 15 15:30:09 +0000 2018
Point,17.05841523,43.26375205,1018518097500745728,Sun Jul 15 15:30:12 +0000 2018
Point,13.81700277,45.67704142,1018518170381012994,Sun Jul 15 15:30:29 +0000 2018
Point,18.94529745,42.761453,1018518517799407616,Sun Jul 15 15:31:52 +0000 2018
Point,15.77888889,43.75055556,1018518526401785857,Sun Jul 15 15:31:54 +0000 2018
Point,17.01492548,43.2993379,1018518531367952384,Sun Jul 15 15:31:55 +0000 2018
Point,18.257,43.704,1018518541203431426,Sun Jul 15 15:31:58 +0000 2018
Point,13.51315323,43.36818376,1018518962609549312,Sun Jul 15 15:33:38 +0000 2018
Point,19.1383926,47.50427728,1018519291409457152,Sun Jul 15 15:34:56 +0000 2018
Point,15.981701,45.806792,1018519427187388416,Sun Jul 15 15:35:29 +0000 2018
Point,13.2152224,43.7197926,1018519557881729025,Sun Jul 15 15:36:00 +0000 2018
Point,16.6763899,43.1790475,1018519704892256259,Sun Jul 15 15:36:35 +0000 2018
Point,18.0914,42.6506,1018519738241019904,Sun Jul 15 15:36:43 +0000 2018
Point,19.862165,45.25216,1018520110003380224,Sun Jul 15 15:38:12 +0000 2018
Point,20.15683,46.24886,1018520341411348481,Sun Jul 15 15:39:07 +0000 2018
Point,17.05849729,43.26362585,1018520364262019073,Sun Jul 15 15:39:12 +0000 2018
Point,15.998381,45.7726275,1018520400920305665,Sun Jul 15 15:39:21 +0000 2018
Point,13.51315323,43.36818376,1018520664779706370,Sun Jul 15 15:40:24 +0000 2018
Point,13.11666667,46.1,1018520750611935232,Sun Jul 15 15:40:44 +0000 2018
Point,15.97854557,45.8129734,1018520879297425409,Sun Jul 15 15:41:15 +0000 2018
Point,19.6984043,43.72589155,1018520914890194945,Sun Jul 15 15:41:23 +0000 2018
Point,15.9983853,45.7726254,1018521789301960704,Sun Jul 15 15:44:52 +0000 2018
Point,14.3019,46.5269,1018521832134250496,Sun Jul 15 15:45:02 +0000 2018
Point,13.14293069,47.12231593,1018522074711822338,Sun Jul 15 15:46:00 +0000 2018
Point,14.07666667,42.36583333,1018522094072745984,Sun Jul 15 15:46:05 +0000 2018
Point,16.4558,43.5139,1018522247584071680,Sun Jul 15 15:46:41 +0000 2018
Point,19.20555556,41.92361111,1018522506817228800,Sun Jul 15 15:47:43 +0000 2018
Point,12.3473201,45.4337102,1018522546378027008,Sun Jul 15 15:47:52 +0000 2018
Point,21.23,45.7597,1018522593496784897,Sun Jul 15 15:48:04 +0000 2018
Point,15.466667,45.25,1018522762783199232,Sun Jul 15 15:48:44 +0000 2018
Point,14.4352937,45.329944,1018522855317950465,Sun Jul 15 15:49:06 +0000 2018
Point,18,44,1018522860074258437,Sun Jul 15 15:49:07 +0000 2018
Point,18,44,1018523192023908352,Sun Jul 15 15:50:26 +0000 2018
Point,19.12,45.78,1018523294239219713,Sun Jul 15 15:50:51 +0000 2018
Point,16.655,43.26194444,1018523387461808128,Sun Jul 15 15:51:13 +0000 2018
Point,20.1948269,46.2303374,1018523465115226114,Sun Jul 15 15:51:31 +0000 2018
Point,13.51315323,43.36818376,1018523521088212998,Sun Jul 15 15:51:45 +0000 2018
Point,19.10833333,47.5125,1018523655691698176,Sun Jul 15 15:52:17 +0000 2018
Point,18.56492615,43.73666382,1018523729574449152,Sun Jul 15 15:52:35 +0000 2018
Point,18.0914,42.6506,1018523873522868224,Sun Jul 15 15:53:09 +0000 2018
Point,20.1948269,46.2303374,1018523885183086594,Sun Jul 15 15:53:12 +0000 2018
Point,20.9198,44.0116,1018523943156756481,Sun Jul 15 15:53:25 +0000 2018
Point,15.977018,45.813023,1018524255657455616,Sun Jul 15 15:54:40 +0000 2018
Point,20.15683,46.24886,1018524281750376449,Sun Jul 15 15:54:46 +0000 2018
Point,15.9833,45.8167,1018524450608893953,Sun Jul 15 15:55:26 +0000 2018
Point,20.3333,46.4167,1018524466341654528,Sun Jul 15 15:55:30 +0000 2018
Point,13.5119226,43.56259807,1018524522230833153,Sun Jul 15 15:55:44 +0000 2018
Point,17.38974893,45.24578857,1018524601184288769,Sun Jul 15 15:56:02 +0000 2018
Point,13.74275252,42.86673876,1018524609224892417,Sun Jul 15 15:56:04 +0000 2018
Point,15.29615784,44.26036816,1018524864087388161,Sun Jul 15 15:57:05 +0000 2018
Point,13.97370893,42.74788298,1018525265515905025,Sun Jul 15 15:58:41 +0000 2018
Point,13.5954,47.0323,1018525279034146818,Sun Jul 15 15:58:44 +0000 2018
Point,13.1423113,45.68660214,1018525334269038592,Sun Jul 15 15:58:57 +0000 2018
Point,17.05848081,43.26368121,1018525336550739968,Sun Jul 15 15:58:58 +0000 2018
Point,20.4622,44.8206,1018525425809666048,Sun Jul 15 15:59:19 +0000 2018
Point,18.18213701,43.99127076,1018525436245106689,Sun Jul 15 15:59:21 +0000 2018
Point,13.51315323,43.36818376,1018525479618400256,Sun Jul 15 15:59:32 +0000 2018
Point,20.15683,46.24886,1018525528100392960,Sun Jul 15 15:59:43 +0000 2018
Point,15.466667,45.25,1018525804299354112,Sun Jul 15 16:00:49 +0000 2018
Point,13.12986374,45.68597625,1018525830933241856,Sun Jul 15 16:00:56 +0000 2018
Point,19.27729575,42.4432261,1018525853641297926,Sun Jul 15 16:01:01 +0000 2018
Point,17.7224493,46.91621013,1018525864852688897,Sun Jul 15 16:01:04 +0000 2018
Point,18,44,1018525995480035328,Sun Jul 15 16:01:35 +0000 2018
Point,15.466667,45.25,1018526110039109632,Sun Jul 15 16:02:02 +0000 2018
Point,20.4622,44.8206,1018526159590576130,Sun Jul 15 16:02:14 +0000 2018
Point,18.0914,42.6506,1018526203391590403,Sun Jul 15 16:02:24 +0000 2018
Point,13.1423113,45.68660214,1018526299172859904,Sun Jul 15 16:02:47 +0000 2018
Point,13.8481,44.8683,1018526305388597248,Sun Jul 15 16:02:49 +0000 2018
Point,14.2142,42.4639,1018526339509387266,Sun Jul 15 16:02:57 +0000 2018
Point,16.2,47.2833,1018526348778852354,Sun Jul 15 16:02:59 +0000 2018
Point,16.65481413,43.26087009,1018526658398171136,Sun Jul 15 16:04:13 +0000 2018
Point,14.2142,42.4639,1018526743919857664,Sun Jul 15 16:04:33 +0000 2018
Point,20.46241164,44.8142251,1018526825302065154,Sun Jul 15 16:04:53 +0000 2018
Point,14.09377914,46.72624206,1018526912098992128,Sun Jul 15 16:05:13 +0000 2018
Point,18.0914,42.6506,1018527170715639808,Sun Jul 15 16:06:15 +0000 2018
Point,18.18213701,43.99127076,1018527223068987394,Sun Jul 15 16:06:27 +0000 2018
Point,20.3333,46.4167,1018527268707106822,Sun Jul 15 16:06:38 +0000 2018
Point,15.616035,44.880445,1018527297996034048,Sun Jul 15 16:06:45 +0000 2018
Point,18.0914,42.6506,1018527425133797377,Sun Jul 15 16:07:16 +0000 2018
Point,17.1369,42.9622,1018527782362583040,Sun Jul 15 16:08:41 +0000 2018
Point,18.77036984,42.4249613,1018527887022907392,Sun Jul 15 16:09:06 +0000 2018
Point,15.9833,45.8167,1018528126865899520,Sun Jul 15 16:10:03 +0000 2018
Point,13.51315323,43.36818376,1018528332898422784,Sun Jul 15 16:10:52 +0000 2018
Point,15.6061,43.8125,1018528338678251522,Sun Jul 15 16:10:53 +0000 2018
Point,13.15,43.4833,1018528469708365825,Sun Jul 15 16:11:25 +0000 2018
Point,19.44972222,41.58416667,1018528820985516038,Sun Jul 15 16:12:48 +0000 2018
Point,18.31202632,43.82921539,1018529291938779137,Sun Jul 15 16:14:41 +0000 2018
Point,13.57678041,46.50535119,1018529489981239296,Sun Jul 15 16:15:28 +0000 2018
Point,19.85,45.25,1018529836736839687,Sun Jul 15 16:16:51 +0000 2018
Point,17.95812964,43.65380748,1018530044694712322,Sun Jul 15 16:17:40 +0000 2018
Point,13.51315323,43.36818376,1018530322135252992,Sun Jul 15 16:18:46 +0000 2018
Point,20.406777,44.820622,1018530371506507776,Sun Jul 15 16:18:58 +0000 2018
Point,15.998363,45.7725965,1018530373796552704,Sun Jul 15 16:18:59 +0000 2018
Point,14.2833,42.4167,1018530444965539841,Sun Jul 15 16:19:16 +0000 2018
Point,17.38977572,45.24588013,1018530619498881025,Sun Jul 15 16:19:57 +0000 2018
Point,19.6806,42.5928,1018530745143341056,Sun Jul 15 16:20:27 +0000 2018
Point,13.45330278,43.30025,1018530774776197122,Sun Jul 15 16:20:34 +0000 2018
Point,14.506,46.0576,1018530993899261952,Sun Jul 15 16:21:26 +0000 2018
Point,13.5954,47.0323,1018531288955973637,Sun Jul 15 16:22:37 +0000 2018
Point,15.21666667,44.11666667,1018531488529289218,Sun Jul 15 16:23:24 +0000 2018
Point,19.8302861,41.3202235,1018531654883631104,Sun Jul 15 16:24:04 +0000 2018
Point,17.05847172,43.26368231,1018531668343361536,Sun Jul 15 16:24:07 +0000 2018
Point,17.05855883,43.26357473,1018531893984153600,Sun Jul 15 16:25:01 +0000 2018
Point,13.7519,45.6831,1018532005435363328,Sun Jul 15 16:25:28 +0000 2018
Point,14.3613004,44.9049734,1018532054051573762,Sun Jul 15 16:25:39 +0000 2018
Point,17.0584833,43.2636623,1018532148347727875,Sun Jul 15 16:26:02 +0000 2018
Point,13.7031,45.2708,1018532197471477760,Sun Jul 15 16:26:13 +0000 2018
Point,20.89655399,46.07820233,1018532227515285504,Sun Jul 15 16:26:21 +0000 2018
Point,13.435,46.0905,1018532365747085312,Sun Jul 15 16:26:54 +0000 2018
Point,18.416653,43.858616,1018532369077358593,Sun Jul 15 16:26:54 +0000 2018
Point,13.435,46.0905,1018532691363467264,Sun Jul 15 16:28:11 +0000 2018
Point,17.8112,43.3388,1018533182449377280,Sun Jul 15 16:30:08 +0000 2018
Point,17.05855647,43.26363964,1018533189562724352,Sun Jul 15 16:30:10 +0000 2018
Point,18.30472085,44.95189005,1018533253957836800,Sun Jul 15 16:30:25 +0000 2018
Point,16.43134394,43.17150252,1018533377690030080,Sun Jul 15 16:30:55 +0000 2018
Point,15.6467,46.5547,1018533399777202176,Sun Jul 15 16:31:00 +0000 2018
Point,18.3833,43.85,1018533453619519489,Sun Jul 15 16:31:13 +0000 2018
Point,19,47,1018533454625947649,Sun Jul 15 16:31:13 +0000 2018
Point,17.05854568,43.26359815,1018533530047938560,Sun Jul 15 16:31:31 +0000 2018
Point,20.7,41.05,1018533676416524288,Sun Jul 15 16:32:06 +0000 2018
Point,18.56086438,42.45603904,1018533747107475456,Sun Jul 15 16:32:23 +0000 2018
Point,17.05852822,43.2635968,1018533750395822080,Sun Jul 15 16:32:24 +0000 2018
Point,17.05852838,43.26361153,1018533857606406144,Sun Jul 15 16:32:49 +0000 2018
Point,15.6467,46.5547,1018534100431441920,Sun Jul 15 16:33:47 +0000 2018
Point,15.981701,45.806792,1018534564468330496,Sun Jul 15 16:35:38 +0000 2018
Point,21.23,45.7597,1018534823730827264,Sun Jul 15 16:36:40 +0000 2018
Point,15.68166667,44.19916667,1018534976403300353,Sun Jul 15 16:37:16 +0000 2018
Point,20.89282544,43.6204123,1018535007160291328,Sun Jul 15 16:37:23 +0000 2018
Point,14.0625,44.59046718,1018535898428911617,Sun Jul 15 16:40:56 +0000 2018
Point,13.84982315,44.8730702,1018536231234408448,Sun Jul 15 16:42:15 +0000 2018
Point,18.10955179,42.64119698,1018536482418647041,Sun Jul 15 16:43:15 +0000 2018
Point,15.43333333,43.93333333,1018536551582748678,Sun Jul 15 16:43:32 +0000 2018
Point,13.435,46.0905,1018536758483476480,Sun Jul 15 16:44:21 +0000 2018
Point,14.36425205,42.5322881,1018537446454116352,Sun Jul 15 16:47:05 +0000 2018
Point,19.328432,46.12917,1018537486287437824,Sun Jul 15 16:47:14 +0000 2018
Point,16.4558,43.5139,1018538053697089536,Sun Jul 15 16:49:30 +0000 2018
Point,13.8481,44.8683,1018538067836194816,Sun Jul 15 16:49:33 +0000 2018
Point,20.42069042,44.83047006,1018538155379712001,Sun Jul 15 16:49:54 +0000 2018
Point,19.80074286,41.32812797,1018538678208131075,Sun Jul 15 16:51:59 +0000 2018
Point,15.9983636,45.7726215,1018539000909443072,Sun Jul 15 16:53:16 +0000 2018
Point,16.55450653,43.38453429,1018539030957391872,Sun Jul 15 16:53:23 +0000 2018
Point,19.0503,47.4719,1018539510458699778,Sun Jul 15 16:55:17 +0000 2018
Point,15.27889507,45.30576354,1018539690050441217,Sun Jul 15 16:56:00 +0000 2018
Point,18.0914,42.6506,1018539700578062339,Sun Jul 15 16:56:02 +0000 2018
Point,16.55425964,43.38331381,1018539853477183488,Sun Jul 15 16:56:39 +0000 2018
Point,17.00967896,43.30343013,1018540009434083328,Sun Jul 15 16:57:16 +0000 2018
Point,13.57027778,45.52611111,1018540133434449920,Sun Jul 15 16:57:46 +0000 2018
Point,13.51315323,43.36818376,1018540161343225856,Sun Jul 15 16:57:52 +0000 2018
Point,16.1667,47.1833,1018540318084349952,Sun Jul 15 16:58:30 +0000 2018
Point,19.57027778,40.21638889,1018540429527142400,Sun Jul 15 16:58:56 +0000 2018
Point,14.3612228,44.904999,1018540683555168256,Sun Jul 15 16:59:57 +0000 2018
Point,19.862165,45.25216,1018540731533791237,Sun Jul 15 17:00:08 +0000 2018
Point,16.2,44.0439,1018540750026313733,Sun Jul 15 17:00:13 +0000 2018
Point,13.51315323,43.36818376,1018540944889663488,Sun Jul 15 17:00:59 +0000 2018
Point,16.43713528,43.50818924,1018541056990875648,Sun Jul 15 17:01:26 +0000 2018
Point,16.441169,43.17167071,1018541177426071554,Sun Jul 15 17:01:54 +0000 2018
Point,20.65083922,41.15491778,1018541499712016385,Sun Jul 15 17:03:11 +0000 2018
Point,19.3,44.1,1018541605790404609,Sun Jul 15 17:03:37 +0000 2018
Point,15.9833,45.8167,1018541758450368513,Sun Jul 15 17:04:13 +0000 2018
Point,15.9833,45.8167,1018542020544094210,Sun Jul 15 17:05:15 +0000 2018
Point,14.2547,45.2373,1018542415316209669,Sun Jul 15 17:06:50 +0000 2018
Point,18.0914,42.6506,1018542493040701440,Sun Jul 15 17:07:08 +0000 2018
Point,14.7626331,44.756736,1018542717230616581,Sun Jul 15 17:08:02 +0000 2018
Point,13.51315323,43.36818376,1018542990573424648,Sun Jul 15 17:09:07 +0000 2018
Point,15.466667,45.25,1018543142134534145,Sun Jul 15 17:09:43 +0000 2018
Point,15.32987575,46.6867086,1018543159213637637,Sun Jul 15 17:09:47 +0000 2018
Point,18.009605,46.354333,1018543202997972992,Sun Jul 15 17:09:57 +0000 2018
Point,18.89305468,42.26825779,1018543286733148160,Sun Jul 15 17:10:17 +0000 2018
Point,18.9847,45.6711,1018543413736689664,Sun Jul 15 17:10:48 +0000 2018
Point,13.3667,42.3667,1018543492316856321,Sun Jul 15 17:11:06 +0000 2018
Point,19.862165,45.25216,1018543582179921920,Sun Jul 15 17:11:28 +0000 2018
Point,18.89305468,42.26825779,1018543703848308736,Sun Jul 15 17:11:57 +0000 2018
Point,15.77888889,43.75055556,1018543745132834818,Sun Jul 15 17:12:07 +0000 2018
Point,16.44848,43.16756,1018544241394397184,Sun Jul 15 17:14:05 +0000 2018
Point,15.9983935,45.7726072,1018544361246781440,Sun Jul 15 17:14:34 +0000 2018
Point,15.97691137,45.81300299,1018544665119870976,Sun Jul 15 17:15:46 +0000 2018
Point,21.4333,42,1018544827582091265,Sun Jul 15 17:16:25 +0000 2018
Point,15.21666667,44.11666667,1018545210958209024,Sun Jul 15 17:17:56 +0000 2018
Point,13.43215,46.09161,1018545228008050688,Sun Jul 15 17:18:00 +0000 2018
Point,18.84527778,42.28472222,1018545266033651715,Sun Jul 15 17:18:09 +0000 2018
Point,15.9833,45.8167,1018545871573700609,Sun Jul 15 17:20:34 +0000 2018
Point,19.1,42.1,1018545923025244161,Sun Jul 15 17:20:46 +0000 2018
Point,16.3378,46.3044,1018546100859531264,Sun Jul 15 17:21:28 +0000 2018
Point,13.3667,42.3667,1018546111194099712,Sun Jul 15 17:21:31 +0000 2018
Point,16.24867766,43.51605953,1018546376056213506,Sun Jul 15 17:22:34 +0000 2018
Point,15.9983644,45.7726194,1018546455160778752,Sun Jul 15 17:22:53 +0000 2018
Point,15.95,45.8,1018546606226923521,Sun Jul 15 17:23:29 +0000 2018
Point,15.9983615,45.7726224,1018546638980243456,Sun Jul 15 17:23:37 +0000 2018
Point,15.9983471,45.772605,1018546866768826368,Sun Jul 15 17:24:31 +0000 2018
Point,18.2667,46.2,1018546926776651776,Sun Jul 15 17:24:45 +0000 2018
Point,13.51315323,43.36818376,1018547051557281792,Sun Jul 15 17:25:15 +0000 2018
Point,15.0980103,44.134789,1018547175008210945,Sun Jul 15 17:25:44 +0000 2018
Point,20.4855,44.803,1018547321985032192,Sun Jul 15 17:26:19 +0000 2018
Point,16.6886,43.4447,1018547403153080322,Sun Jul 15 17:26:39 +0000 2018
Point,15.9983793,45.7726393,1018547647572045824,Sun Jul 15 17:27:37 +0000 2018
Point,19.0503,47.4719,1018547810290069511,Sun Jul 15 17:28:16 +0000 2018
Point,15.998382,45.7726231,1018547938413481985,Sun Jul 15 17:28:46 +0000 2018
Point,16.694,43.4448,1018548052796362753,Sun Jul 15 17:29:14 +0000 2018
Point,15.9983527,45.7726117,1018548228021784576,Sun Jul 15 17:29:55 +0000 2018
Point,19.0503,47.4719,1018548379377393664,Sun Jul 15 17:30:32 +0000 2018
Point,15.22619,44.11561,1018548436482838529,Sun Jul 15 17:30:45 +0000 2018
Point,21.22587718,41.03614502,1018548570528546816,Sun Jul 15 17:31:17 +0000 2018
Point,18.6939,45.5511,1018548660005527552,Sun Jul 15 17:31:38 +0000 2018
Point,19.0503,47.4719,1018548679941279744,Sun Jul 15 17:31:43 +0000 2018
Point,13.84956954,44.87303676,1018548709976674306,Sun Jul 15 17:31:50 +0000 2018
Point,14.4414,45.3275,1018548779711107073,Sun Jul 15 17:32:07 +0000 2018
Point,18.77036984,42.4249613,1018548944736006145,Sun Jul 15 17:32:46 +0000 2018
Point,18.0914,42.6506,1018549319052546049,Sun Jul 15 17:34:16 +0000 2018
Point,15.9983467,45.7726085,1018549331094192128,Sun Jul 15 17:34:18 +0000 2018
Point,15.466667,45.25,1018549371590397952,Sun Jul 15 17:34:28 +0000 2018
Point,15.9983467,45.7726085,1018549418977460225,Sun Jul 15 17:34:39 +0000 2018
Point,13.51315323,43.36818376,1018549554382360577,Sun Jul 15 17:35:12 +0000 2018
Point,19.04012203,47.49824194,1018549568240222209,Sun Jul 15 17:35:15 +0000 2018
Point,19.08168003,47.51862046,1018549712222236673,Sun Jul 15 17:35:49 +0000 2018
Point,20.1948269,46.2303374,1018549856825159681,Sun Jul 15 17:36:24 +0000 2018
Point,15.9983823,45.7726188,1018549881143607297,Sun Jul 15 17:36:30 +0000 2018
Point,15.466667,45.25,1018549912932376576,Sun Jul 15 17:36:37 +0000 2018
Point,13.81700277,45.67704142,1018550044146860032,Sun Jul 15 17:37:08 +0000 2018
Point,14.9145627,44.53949824,1018550056079777793,Sun Jul 15 17:37:11 +0000 2018
Point,18.4323196,43.8589706,1018550076568952834,Sun Jul 15 17:37:16 +0000 2018
Point,15.60160324,46.52536904,1018550350649802752,Sun Jul 15 17:38:22 +0000 2018
Point,18.86588659,42.28192078,1018550451107778560,Sun Jul 15 17:38:45 +0000 2018
Point,15.466667,45.25,1018550552651681792,Sun Jul 15 17:39:10 +0000 2018
Point,20.1948269,46.2303374,1018550677939900421,Sun Jul 15 17:39:40 +0000 2018
Point,15.9984029,45.7726136,1018550750740348928,Sun Jul 15 17:39:57 +0000 2018
Point,19.0001893,47.51599786,1018551018999697410,Sun Jul 15 17:41:01 +0000 2018
Point,15.54527778,45.49972222,1018551245227937792,Sun Jul 15 17:41:55 +0000 2018
Point,16.44149119,43.17196921,1018551315411193857,Sun Jul 15 17:42:12 +0000 2018
Point,13.61027778,46.05277778,1018551337607421952,Sun Jul 15 17:42:17 +0000 2018
Point,18.1975335,42.624416,1018551487566409729,Sun Jul 15 17:42:53 +0000 2018
Point,13.77322912,45.64722085,1018551535444353024,Sun Jul 15 17:43:04 +0000 2018
Point,13.7668714,45.65151477,1018551704982310915,Sun Jul 15 17:43:44 +0000 2018
Point,21.322705,45.791117,1018551798309761026,Sun Jul 15 17:44:07 +0000 2018
Point,21.161292,42.6758785,1018551818031427584,Sun Jul 15 17:44:11 +0000 2018
Point,15.9833,45.8167,1018551879222128640,Sun Jul 15 17:44:26 +0000 2018
Point,18.10955179,42.64119698,1018551892996165632,Sun Jul 15 17:44:29 +0000 2018
Point,13.51315323,43.36818376,1018552006246404097,Sun Jul 15 17:44:56 +0000 2018
Point,20.93333333,43.95,1018552301097607168,Sun Jul 15 17:46:07 +0000 2018
Point,17.2051,44.7792,1018552386191839233,Sun Jul 15 17:46:27 +0000 2018
Point,20.46,44.81,1018552421386080257,Sun Jul 15 17:46:35 +0000 2018
Point,15.977018,45.813023,1018552427048521728,Sun Jul 15 17:46:37 +0000 2018
Point,15.9833,45.8167,1018552427514081280,Sun Jul 15 17:46:37 +0000 2018
Point,13.64245985,43.26322401,1018552602311700480,Sun Jul 15 17:47:18 +0000 2018
Point,16.44149119,43.17196921,1018552667331813377,Sun Jul 15 17:47:34 +0000 2018
Point,13.57850065,46.24764414,1018552739499073536,Sun Jul 15 17:47:51 +0000 2018
Point,20.45204876,44.82067709,1018552915932393473,Sun Jul 15 17:48:33 +0000 2018
Point,19.329123,46.127873,1018553321785909249,Sun Jul 15 17:50:10 +0000 2018
Point,17.05721717,43.26463193,1018553411099242496,Sun Jul 15 17:50:31 +0000 2018
Point,15.9833,45.8167,1018553489046188032,Sun Jul 15 17:50:50 +0000 2018
Point,18.89305468,42.26825779,1018553492649078785,Sun Jul 15 17:50:51 +0000 2018
Point,15.9833,45.8167,1018553638262923264,Sun Jul 15 17:51:25 +0000 2018
Point,13.7167,43.15,1018553832207540226,Sun Jul 15 17:52:12 +0000 2018
Point,15.9833,45.8167,1018553873408102400,Sun Jul 15 17:52:21 +0000 2018
Point,13.49940777,43.60718293,1018553892861140992,Sun Jul 15 17:52:26 +0000 2018
Point,15.02271274,44.46234578,1018554194188472321,Sun Jul 15 17:53:38 +0000 2018
Point,17.1369,42.9622,1018554328758415360,Sun Jul 15 17:54:10 +0000 2018
Point,13.3167,43.3167,1018554362983878657,Sun Jul 15 17:54:18 +0000 2018
Point,15.9983533,45.7725816,1018554484937625600,Sun Jul 15 17:54:47 +0000 2018
Point,19.0622394,42.1310617,1018554649266319361,Sun Jul 15 17:55:26 +0000 2018
Point,13.30762,42.92803,1018554808704356352,Sun Jul 15 17:56:04 +0000 2018
Point,14.97058701,44.46223271,1018554866136965120,Sun Jul 15 17:56:18 +0000 2018
Point,18.83753369,42.28040915,1018554915856224256,Sun Jul 15 17:56:30 +0000 2018
Point,15.9981972,45.7724287,1018555119955271680,Sun Jul 15 17:57:19 +0000 2018
Point,13.77322912,45.64722085,1018555177626845189,Sun Jul 15 17:57:32 +0000 2018
Point,15.9982856,45.7725267,1018555617361977344,Sun Jul 15 17:59:17 +0000 2018
Point,14.88333333,44.55,1018555767174164480,Sun Jul 15 17:59:53 +0000 2018
Point,17.9872,44.6117,1018555876892987392,Sun Jul 15 18:00:19 +0000 2018
Point,15.9786272,45.80644181,1018555952516255744,Sun Jul 15 18:00:37 +0000 2018
Point,18.25,43.85,1018555995063242752,Sun Jul 15 18:00:47 +0000 2018
Point,15.6433,43.8042,1018556056065064961,Sun Jul 15 18:01:02 +0000 2018
Point,17.81031412,43.34413131,1018556090987040768,Sun Jul 15 18:01:10 +0000 2018
Point,17.01492548,43.2993379,1018556376480612352,Sun Jul 15 18:02:18 +0000 2018
Point,15.466667,45.25,1018556518206263296,Sun Jul 15 18:02:52 +0000 2018
Point,18,44,1018556887703412741,Sun Jul 15 18:04:20 +0000 2018
Point,18.86579216,42.28197534,1018556935149408262,Sun Jul 15 18:04:31 +0000 2018
Point,15.77888889,43.75055556,1018557098945376257,Sun Jul 15 18:05:10 +0000 2018
Point,18.4503,42.4969,1018557112652304384,Sun Jul 15 18:05:14 +0000 2018
Point,13.77322912,45.64722085,1018557126250295299,Sun Jul 15 18:05:17 +0000 2018
Point,13.51315323,43.36818376,1018557231036420102,Sun Jul 15 18:05:42 +0000 2018
Point,18.67672074,45.56137796,1018557250342801408,Sun Jul 15 18:05:47 +0000 2018
Point,15.42762675,43.96018382,1018557288867647488,Sun Jul 15 18:05:56 +0000 2018
Point,15.4246471,43.96099619,1018557576273891328,Sun Jul 15 18:07:04 +0000 2018
Point,13.6167,43.5333,1018557586969448452,Sun Jul 15 18:07:07 +0000 2018
Point,16.6886,43.4447,1018557844084482048,Sun Jul 15 18:08:08 +0000 2018
Point,19.2636,42.4374,1018557983347920897,Sun Jul 15 18:08:41 +0000 2018
Point,16.4558,43.5139,1018558045935296512,Sun Jul 15 18:08:56 +0000 2018
Point,13.8481,44.8683,1018558206237401088,Sun Jul 15 18:09:34 +0000 2018
Point,13.51315323,43.36818376,1018558457656594432,Sun Jul 15 18:10:34 +0000 2018
Point,13.5239,45.4314,1018558870950514689,Sun Jul 15 18:12:13 +0000 2018
Point,13.2833,43.2,1018558874465386496,Sun Jul 15 18:12:14 +0000 2018
Point,15,46,1018559515271270403,Sun Jul 15 18:14:47 +0000 2018
Point,18.10955179,42.64119698,1018559571693056001,Sun Jul 15 18:15:00 +0000 2018
Point,17.95812964,43.65380748,1018559619361173505,Sun Jul 15 18:15:11 +0000 2018
Point,15.47027778,46.02194444,1018559673710940161,Sun Jul 15 18:15:24 +0000 2018
Point,16.4301891,43.5078888,1018559881702465536,Sun Jul 15 18:16:14 +0000 2018
Point,15.466667,45.25,1018560244602015746,Sun Jul 15 18:17:40 +0000 2018
Point,17.96271086,43.64981739,1018560724728238082,Sun Jul 15 18:19:35 +0000 2018
Point,15.9833,45.8167,1018561009148186624,Sun Jul 15 18:20:43 +0000 2018
Point,13.66488889,43.42986389,1018561030715269121,Sun Jul 15 18:20:48 +0000 2018
Point,15.9833,45.8167,1018561060993765376,Sun Jul 15 18:20:55 +0000 2018
Point,19.8189,41.3275,1018561368352481280,Sun Jul 15 18:22:08 +0000 2018
Point,18.38,43.85,1018562270555602945,Sun Jul 15 18:25:43 +0000 2018
Point,15.21666667,44.11666667,1018562289589542914,Sun Jul 15 18:25:48 +0000 2018
Point,19.80074286,41.32812797,1018562377145516033,Sun Jul 15 18:26:09 +0000 2018
Point,14.88333333,44.55,1018562413614989312,Sun Jul 15 18:26:18 +0000 2018
Point,14.4352937,45.329944,1018562511577206784,Sun Jul 15 18:26:41 +0000 2018
Point,15.97860623,45.80600202,1018563037886894081,Sun Jul 15 18:28:46 +0000 2018
Point,18.38,43.85,1018563207487578112,Sun Jul 15 18:29:27 +0000 2018
Point,13.63333333,45.08333333,1018563433099296768,Sun Jul 15 18:30:21 +0000 2018
Point,18.10955179,42.64119698,1018563573482770434,Sun Jul 15 18:30:54 +0000 2018
Point,18.09472222,42.65361111,1018563781327228928,Sun Jul 15 18:31:44 +0000 2018
Point,15.43,43.9647,1018563809798213632,Sun Jul 15 18:31:50 +0000 2018
Point,15.466667,45.25,1018564248706994177,Sun Jul 15 18:33:35 +0000 2018
Point,15.466667,45.25,1018564490898493440,Sun Jul 15 18:34:33 +0000 2018
Point,17.16609052,42.93067908,1018564744054235141,Sun Jul 15 18:35:33 +0000 2018
Point,15.43,43.9647,1018564778191671296,Sun Jul 15 18:35:41 +0000 2018
Point,15.466667,45.25,1018564963143704577,Sun Jul 15 18:36:25 +0000 2018
Point,16.4558,43.5139,1018565012900675591,Sun Jul 15 18:36:37 +0000 2018
Point,13.3483792,42.9611439,1018565031208869888,Sun Jul 15 18:36:42 +0000 2018
Point,19.12,45.78,1018565039467397120,Sun Jul 15 18:36:44 +0000 2018
Point,14.88334715,44.5557309,1018565253225943041,Sun Jul 15 18:37:35 +0000 2018
Point,15.96433494,43.80345219,1018565531002007552,Sun Jul 15 18:38:41 +0000 2018
Point,15.9833,45.8167,1018565538174455808,Sun Jul 15 18:38:42 +0000 2018
Point,13.61051,45.93642,1018565851367211009,Sun Jul 15 18:39:57 +0000 2018
Point,15.97,45.81,1018566229219373056,Sun Jul 15 18:41:27 +0000 2018
Point,13.3167,43.6,1018566389353758720,Sun Jul 15 18:42:05 +0000 2018
Point,18.11157038,42.64133965,1018566549290905600,Sun Jul 15 18:42:44 +0000 2018
Point,18.67672074,45.56137796,1018566757940899841,Sun Jul 15 18:43:33 +0000 2018
Point,15.97,45.81,1018567236267593728,Sun Jul 15 18:45:27 +0000 2018
Point,15.998373,45.7726309,1018567317331038210,Sun Jul 15 18:45:47 +0000 2018
Point,15.05330721,44.44401161,1018567898435112960,Sun Jul 15 18:48:05 +0000 2018
Point,13.50811429,43.61879577,1018568261280165888,Sun Jul 15 18:49:32 +0000 2018
Point,13.79,45.64,1018568598715969536,Sun Jul 15 18:50:52 +0000 2018
Point,15.8928532,44.80717957,1018568859610120193,Sun Jul 15 18:51:54 +0000 2018
Point,15.466667,45.25,1018569040401436673,Sun Jul 15 18:52:37 +0000 2018
Point,18.06984931,42.65599695,1018569288926531585,Sun Jul 15 18:53:37 +0000 2018
Point,14.506,46.0576,1018569446535913473,Sun Jul 15 18:54:14 +0000 2018
Point,13.79,45.64,1018569531613036544,Sun Jul 15 18:54:35 +0000 2018
Point,13.7667,43.1,1018569638827917313,Sun Jul 15 18:55:00 +0000 2018
Point,15.9983655,45.7726343,1018569762668990466,Sun Jul 15 18:55:30 +0000 2018
Point,16.48333333,43.38333333,1018569980265287680,Sun Jul 15 18:56:22 +0000 2018
Point,13.85008207,43.05831769,1018570081511657472,Sun Jul 15 18:56:46 +0000 2018
Point,15.9983678,45.7726265,1018570215570006017,Sun Jul 15 18:57:18 +0000 2018
Point,16.6560001,43.26144035,1018570292258582530,Sun Jul 15 18:57:36 +0000 2018
Point,13.39753747,42.34524726,1018570389520252928,Sun Jul 15 18:57:59 +0000 2018
Point,15.97053766,45.81768895,1018570493216149509,Sun Jul 15 18:58:24 +0000 2018
Point,15.97053766,45.81768895,1018570521070448640,Sun Jul 15 18:58:31 +0000 2018
Point,15.97053766,45.81768895,1018570552846508033,Sun Jul 15 18:58:38 +0000 2018
Point,19.6875,44.08758503,1018570623440904192,Sun Jul 15 18:58:55 +0000 2018
Point,13.39915813,42.34425337,1018570770459582470,Sun Jul 15 18:59:30 +0000 2018
Point,15.998371,45.772621,1018570883923959808,Sun Jul 15 18:59:57 +0000 2018
Point,14.0669,46.4306,1018570907152015363,Sun Jul 15 19:00:03 +0000 2018
